Description,Scientific Name,Max Score,Total Score,Query Cover,E value,Per. ident,Acc. Len,Accession  
signal recognition particle receptor subunit alpha [Saccharomyces cerevisiae S288C],Saccharomyces cerevisiae S288C,294,294,11%,5e-84,58.96,621,"=HYPERLINK(""https://www.ncbi.nlm.nih.gov/protein/NP_010578.3?report=genbank&log$=prottop&blast_rank=1&RID=JT4HC9K3014"",""NP_010578.3"")"
signal recognition particle receptor alpha subunit Srp101 [Schizosaccharomyces pombe],Schizosaccharomyces pombe,270,324,13%,6e-80,56.28,547,"=HYPERLINK(""https://www.ncbi.nlm.nih.gov/protein/NP_596660.1?report=genbank&log$=prottop&blast_rank=2&RID=JT4HC9K3014"",""NP_596660.1"")"
signal recognition particle receptor subunit alpha isoform 2 [Homo sapiens],Homo sapiens,219,273,14%,1e-64,47.50,610,"=HYPERLINK(""https://www.ncbi.nlm.nih.gov/protein/NP_001171313.1?report=genbank&log$=prottop&blast_rank=3&RID=JT4HC9K3014"",""NP_001171313.1"")"
signal recognition particle receptor subunit alpha isoform 1 [Homo sapiens],Homo sapiens,219,273,14%,1e-64,47.67,638,"=HYPERLINK(""https://www.ncbi.nlm.nih.gov/protein/NP_003130.2?report=genbank&log$=prottop&blast_rank=4&RID=JT4HC9K3014"",""NP_003130.2"")"
signal recognition particle receptor subunit alpha [Mus musculus],Mus musculus,218,273,14%,2e-64,47.67,636,"=HYPERLINK(""https://www.ncbi.nlm.nih.gov/protein/NP_080406.1?report=genbank&log$=prottop&blast_rank=5&RID=JT4HC9K3014"",""NP_080406.1"")"
signal recognition particle receptor subunit alpha [Rattus norvegicus],Rattus norvegicus,218,273,14%,2e-64,47.50,636,"=HYPERLINK(""https://www.ncbi.nlm.nih.gov/protein/NP_001029322.1?report=genbank&log$=prottop&blast_rank=6&RID=JT4HC9K3014"",""NP_001029322.1"")"
SRP54-type proteins GTP-binding domain-containing protein [Caenorhabditis elegans],Caenorhabditis elegans,221,221,11%,4e-59,47.29,625,"=HYPERLINK(""https://www.ncbi.nlm.nih.gov/protein/NP_741303.2?report=genbank&log$=prottop&blast_rank=7&RID=JT4HC9K3014"",""NP_741303.2"")"
signal recognition particle receptor subunit alpha [Danio rerio],Danio rerio,219,219,11%,2e-58,47.84,650,"=HYPERLINK(""https://www.ncbi.nlm.nih.gov/protein/XP_697518.3?report=genbank&log$=prottop&blast_rank=8&RID=JT4HC9K3014"",""XP_697518.3"")"
signal recognition particle receptor alpha [Drosophila melanogaster],Drosophila melanogaster,213,213,11%,1e-56,47.67,614,"=HYPERLINK(""https://www.ncbi.nlm.nih.gov/protein/NP_524887.2?report=genbank&log$=prottop&blast_rank=9&RID=JT4HC9K3014"",""NP_524887.2"")"
signal recognition particle receptor alpha subunit [Dictyostelium discoideum AX4],Dictyostelium discoideum AX4,212,285,15%,2e-56,45.49,615,"=HYPERLINK(""https://www.ncbi.nlm.nih.gov/protein/XP_642799.1?report=genbank&log$=prottop&blast_rank=10&RID=JT4HC9K3014"",""XP_642799.1"")"
signal recognition particle receptor subunit alpha [Glycine max],Glycine max,206,252,14%,4e-54,48.62,623,"=HYPERLINK(""https://www.ncbi.nlm.nih.gov/protein/XP_003527179.1?report=genbank&log$=prottop&blast_rank=11&RID=JT4HC9K3014"",""XP_003527179.1"")"
signal recognition particle receptor subunit alpha [Glycine max],Glycine max,206,252,14%,5e-54,49.01,626,"=HYPERLINK(""https://www.ncbi.nlm.nih.gov/protein/XP_003549540.1?report=genbank&log$=prottop&blast_rank=12&RID=JT4HC9K3014"",""XP_003549540.1"")"
signal recognition particle receptor alpha subunit family protein [Arabidopsis thaliana],Arabidopsis thaliana,204,250,14%,1e-53,48.22,634,"=HYPERLINK(""https://www.ncbi.nlm.nih.gov/protein/NP_001329356.1?report=genbank&log$=prottop&blast_rank=13&RID=JT4HC9K3014"",""NP_001329356.1"")"
COPII-coated vesicle-associated protein Hrf1 [Schizosaccharomyces pombe],Schizosaccharomyces pombe,186,231,11%,3e-52,46.64,293,"=HYPERLINK(""https://www.ncbi.nlm.nih.gov/protein/NP_596360.1?report=genbank&log$=prottop&blast_rank=14&RID=JT4HC9K3014"",""NP_596360.1"")"
signal recognition particle receptor subunit alpha isoform X2 [Homo sapiens],Homo sapiens,175,229,12%,2e-51,46.67,634,"=HYPERLINK(""https://www.ncbi.nlm.nih.gov/protein/XP_016873668.1?report=genbank&log$=prottop&blast_rank=15&RID=JT4HC9K3014"",""XP_016873668.1"")"
signal recognition particle receptor subunit alpha isoform X1 [Homo sapiens],Homo sapiens,174,229,12%,3e-51,46.67,688,"=HYPERLINK(""https://www.ncbi.nlm.nih.gov/protein/XP_047283453.1?report=genbank&log$=prottop&blast_rank=16&RID=JT4HC9K3014"",""XP_047283453.1"")"
"signal recognition particle receptor subunit alpha, putative [Plasmodium falciparum 3D7]",Plasmodium falciparum 3D7,196,196,10%,4e-51,44.09,576,"=HYPERLINK(""https://www.ncbi.nlm.nih.gov/protein/XP_001350377.1?report=genbank&log$=prottop&blast_rank=17&RID=JT4HC9K3014"",""XP_001350377.1"")"
"signal recognition particle receptor like protein, putative [Leishmania donovani]",Leishmania donovani,175,175,10%,7e-44,42.06,605,"=HYPERLINK(""https://www.ncbi.nlm.nih.gov/protein/XP_003865487.1?report=genbank&log$=prottop&blast_rank=18&RID=JT4HC9K3014"",""XP_003865487.1"")"
signal recognition particle-docking protein FtsY [Sulfolobus acidocaldarius],Sulfolobus acidocaldarius,136,136,10%,2e-33,36.75,305,"=HYPERLINK(""https://www.ncbi.nlm.nih.gov/protein/WP_370685264.1?report=genbank&log$=prottop&blast_rank=19&RID=JT4HC9K3014"",""WP_370685264.1"")"
hypothetical protein DDB_G0278709 [Dictyostelium discoideum AX4],Dictyostelium discoideum AX4,135,135,8%,2e-32,40.96,380,"=HYPERLINK(""https://www.ncbi.nlm.nih.gov/protein/XP_642448.1?report=genbank&log$=prottop&blast_rank=20&RID=JT4HC9K3014"",""XP_642448.1"")"
"Yip1-interacting factor 1, isoform B [Drosophila melanogaster]",Drosophila melanogaster,134,134,10%,5e-32,34.78,393,"=HYPERLINK(""https://www.ncbi.nlm.nih.gov/protein/NP_733164.1?report=genbank&log$=prottop&blast_rank=21&RID=JT4HC9K3014"",""NP_733164.1"")"
"Yip1-interacting factor 1, isoform A [Drosophila melanogaster]",Drosophila melanogaster,135,135,10%,5e-32,34.78,397,"=HYPERLINK(""https://www.ncbi.nlm.nih.gov/protein/NP_733163.1?report=genbank&log$=prottop&blast_rank=22&RID=JT4HC9K3014"",""NP_733163.1"")"
"Yip1-interacting factor 1, isoform C [Drosophila melanogaster]",Drosophila melanogaster,134,134,10%,6e-32,34.78,402,"=HYPERLINK(""https://www.ncbi.nlm.nih.gov/protein/NP_651498.1?report=genbank&log$=prottop&blast_rank=23&RID=JT4HC9K3014"",""NP_651498.1"")"
Protein YIF1 [Caenorhabditis elegans],Caenorhabditis elegans,123,123,6%,2e-28,46.43,349,"=HYPERLINK(""https://www.ncbi.nlm.nih.gov/protein/NP_001041126.1?report=genbank&log$=prottop&blast_rank=24&RID=JT4HC9K3014"",""NP_001041126.1"")"
Protein YIF1 [Caenorhabditis elegans],Caenorhabditis elegans,123,123,6%,3e-28,46.43,380,"=HYPERLINK(""https://www.ncbi.nlm.nih.gov/protein/NP_001041127.1?report=genbank&log$=prottop&blast_rank=25&RID=JT4HC9K3014"",""NP_001041127.1"")"
protein YIF1B isoform 4 [Mus musculus],Mus musculus,119,119,10%,1e-27,31.03,281,"=HYPERLINK(""https://www.ncbi.nlm.nih.gov/protein/NP_001344595.1?report=genbank&log$=prottop&blast_rank=26&RID=JT4HC9K3014"",""NP_001344595.1"")"
protein YIF1B isoform 5 [Homo sapiens],Homo sapiens,119,119,11%,2e-27,28.83,314,"=HYPERLINK(""https://www.ncbi.nlm.nih.gov/protein/NP_001034761.1?report=genbank&log$=prottop&blast_rank=27&RID=JT4HC9K3014"",""NP_001034761.1"")"
protein YIF1B isoform 1 [Mus musculus],Mus musculus,119,119,11%,2e-27,29.50,311,"=HYPERLINK(""https://www.ncbi.nlm.nih.gov/protein/NP_084163.2?report=genbank&log$=prottop&blast_rank=28&RID=JT4HC9K3014"",""NP_084163.2"")"
protein YIF1A isoform 1 [Homo sapiens],Homo sapiens,118,118,9%,2e-27,37.68,293,"=HYPERLINK(""https://www.ncbi.nlm.nih.gov/protein/NP_065203.2?report=genbank&log$=prottop&blast_rank=29&RID=JT4HC9K3014"",""NP_065203.2"")"
protein YIF1B isoform 2 [Homo sapiens],Homo sapiens,118,118,10%,2e-27,30.34,283,"=HYPERLINK(""https://www.ncbi.nlm.nih.gov/protein/NP_001138934.1?report=genbank&log$=prottop&blast_rank=30&RID=JT4HC9K3014"",""NP_001138934.1"")"
protein YIF1B isoform X2 [Rattus norvegicus],Rattus norvegicus,118,118,10%,2e-27,30.53,281,"=HYPERLINK(""https://www.ncbi.nlm.nih.gov/protein/XP_006228722.1?report=genbank&log$=prottop&blast_rank=31&RID=JT4HC9K3014"",""XP_006228722.1"")"
protein YIF1B isoform a [Rattus norvegicus],Rattus norvegicus,119,119,11%,3e-27,29.35,311,"=HYPERLINK(""https://www.ncbi.nlm.nih.gov/protein/NP_942029.2?report=genbank&log$=prottop&blast_rank=32&RID=JT4HC9K3014"",""NP_942029.2"")"
protein YIF1B isoform 3 [Mus musculus],Mus musculus,118,118,10%,3e-27,31.03,303,"=HYPERLINK(""https://www.ncbi.nlm.nih.gov/protein/NP_001344593.1?report=genbank&log$=prottop&blast_rank=33&RID=JT4HC9K3014"",""NP_001344593.1"")"
protein YIF1B isoform 6 [Homo sapiens],Homo sapiens,118,118,10%,3e-27,30.34,297,"=HYPERLINK(""https://www.ncbi.nlm.nih.gov/protein/NP_001138933.1?report=genbank&log$=prottop&blast_rank=34&RID=JT4HC9K3014"",""NP_001138933.1"")"
protein YIF1B isoform 3 [Homo sapiens],Homo sapiens,118,118,10%,3e-27,30.34,299,"=HYPERLINK(""https://www.ncbi.nlm.nih.gov/protein/NP_001034760.1?report=genbank&log$=prottop&blast_rank=35&RID=JT4HC9K3014"",""NP_001034760.1"")"
protein YIF1B isoform 2 [Mus musculus],Mus musculus,118,118,10%,4e-27,31.03,308,"=HYPERLINK(""https://www.ncbi.nlm.nih.gov/protein/NP_001103671.1?report=genbank&log$=prottop&blast_rank=36&RID=JT4HC9K3014"",""NP_001103671.1"")"
protein YIF1A [Mus musculus],Mus musculus,117,117,8%,5e-27,37.30,293,"=HYPERLINK(""https://www.ncbi.nlm.nih.gov/protein/NP_080829.1?report=genbank&log$=prottop&blast_rank=37&RID=JT4HC9K3014"",""NP_080829.1"")"
protein YIF1B isoform 4 [Homo sapiens],Homo sapiens,118,118,10%,5e-27,30.34,311,"=HYPERLINK(""https://www.ncbi.nlm.nih.gov/protein/NP_001034762.1?report=genbank&log$=prottop&blast_rank=38&RID=JT4HC9K3014"",""NP_001034762.1"")"
protein YIF1B isoform b [Rattus norvegicus],Rattus norvegicus,117,117,10%,6e-27,30.53,303,"=HYPERLINK(""https://www.ncbi.nlm.nih.gov/protein/NP_001014810.1?report=genbank&log$=prottop&blast_rank=39&RID=JT4HC9K3014"",""NP_001014810.1"")"
protein YIF1B isoform X1 [Rattus norvegicus],Rattus norvegicus,117,117,10%,6e-27,30.53,308,"=HYPERLINK(""https://www.ncbi.nlm.nih.gov/protein/XP_006228720.1?report=genbank&log$=prottop&blast_rank=40&RID=JT4HC9K3014"",""XP_006228720.1"")"
protein YIF1A [Rattus norvegicus],Rattus norvegicus,116,116,8%,1e-26,37.91,293,"=HYPERLINK(""https://www.ncbi.nlm.nih.gov/protein/NP_742014.2?report=genbank&log$=prottop&blast_rank=41&RID=JT4HC9K3014"",""NP_742014.2"")"
protein YIF1A [Danio rerio],Danio rerio,115,115,8%,3e-26,36.84,307,"=HYPERLINK(""https://www.ncbi.nlm.nih.gov/protein/NP_956225.1?report=genbank&log$=prottop&blast_rank=42&RID=JT4HC9K3014"",""NP_956225.1"")"
signal recognition particle-docking protein FtsY [Methanothermobacter thermautotrophicus],Methanothermobacter thermautotrophicus,116,116,10%,4e-26,34.76,358,"=HYPERLINK(""https://www.ncbi.nlm.nih.gov/protein/WP_010877216.1?report=genbank&log$=prottop&blast_rank=43&RID=JT4HC9K3014"",""WP_010877216.1"")"
protein YIF1A isoform X1 [Rattus norvegicus],Rattus norvegicus,113,113,6%,1e-25,39.60,298,"=HYPERLINK(""https://www.ncbi.nlm.nih.gov/protein/XP_063133038.1?report=genbank&log$=prottop&blast_rank=44&RID=JT4HC9K3014"",""XP_063133038.1"")"
protein YIF1B [Danio rerio],Danio rerio,112,112,8%,6e-25,33.86,304,"=HYPERLINK(""https://www.ncbi.nlm.nih.gov/protein/NP_001007335.2?report=genbank&log$=prottop&blast_rank=45&RID=JT4HC9K3014"",""NP_001007335.2"")"
protein YIF1B isoform X1 [Danio rerio],Danio rerio,111,111,8%,8e-25,34.39,301,"=HYPERLINK(""https://www.ncbi.nlm.nih.gov/protein/XP_005170026.1?report=genbank&log$=prottop&blast_rank=46&RID=JT4HC9K3014"",""XP_005170026.1"")"
protein YIF1B isoform 7 [Homo sapiens],Homo sapiens,110,110,7%,9e-25,35.63,291,"=HYPERLINK(""https://www.ncbi.nlm.nih.gov/protein/NP_001138935.1?report=genbank&log$=prottop&blast_rank=47&RID=JT4HC9K3014"",""NP_001138935.1"")"
protein transporter YIF1 [Saccharomyces cerevisiae S288C],Saccharomyces cerevisiae S288C,110,110,9%,2e-24,37.00,314,"=HYPERLINK(""https://www.ncbi.nlm.nih.gov/protein/NP_014136.1?report=genbank&log$=prottop&blast_rank=48&RID=JT4HC9K3014"",""NP_014136.1"")"
signal recognition particle-docking protein FtsY [Pseudomonas aeruginosa],Pseudomonas aeruginosa,107,107,10%,3e-22,32.02,455,"=HYPERLINK(""https://www.ncbi.nlm.nih.gov/protein/WP_003128930.1?report=genbank&log$=prottop&blast_rank=49&RID=JT4HC9K3014"",""WP_003128930.1"")"
MULTISPECIES: signal recognition particle protein [Thermotoga],Thermotoga,106,106,10%,4e-22,31.33,433,"=HYPERLINK(""https://www.ncbi.nlm.nih.gov/protein/WP_004081977.1?report=genbank&log$=prottop&blast_rank=50&RID=JT4HC9K3014"",""WP_004081977.1"")"
"signal recognition particle receptor protein, chloroplast (FTSY) [Arabidopsis thaliana]",Arabidopsis thaliana,103,103,9%,1e-21,34.78,366,"=HYPERLINK(""https://www.ncbi.nlm.nih.gov/protein/NP_566056.1?report=genbank&log$=prottop&blast_rank=51&RID=JT4HC9K3014"",""NP_566056.1"")"
"cell division protein FtsY homolog, chloroplastic isoform X2 [Glycine max]",Glycine max,102,102,9%,3e-21,33.81,372,"=HYPERLINK(""https://www.ncbi.nlm.nih.gov/protein/XP_003521235.1?report=genbank&log$=prottop&blast_rank=52&RID=JT4HC9K3014"",""XP_003521235.1"")"
signal recognition particle-docking protein FtsY [Deinococcus radiodurans],Deinococcus radiodurans,99.4,99.4,10%,2e-20,29.07,317,"=HYPERLINK(""https://www.ncbi.nlm.nih.gov/protein/WP_010888888.1?report=genbank&log$=prottop&blast_rank=53&RID=JT4HC9K3014"",""WP_010888888.1"")"
"cell division protein FtsY homolog, chloroplastic [Glycine max]",Glycine max,100,100,9%,2e-20,33.33,372,"=HYPERLINK(""https://www.ncbi.nlm.nih.gov/protein/XP_040872841.1?report=genbank&log$=prottop&blast_rank=54&RID=JT4HC9K3014"",""XP_040872841.1"")"
signal recognition particle-docking protein FtsY [Escherichia coli],Escherichia coli,99.8,99.8,8%,9e-20,33.01,498,"=HYPERLINK(""https://www.ncbi.nlm.nih.gov/protein/WP_001040684.1?report=genbank&log$=prottop&blast_rank=55&RID=JT4HC9K3014"",""WP_001040684.1"")"
Integral membrane HRF1 family protein [Arabidopsis thaliana],Arabidopsis thaliana,95.5,95.5,10%,1e-19,29.79,269,"=HYPERLINK(""https://www.ncbi.nlm.nih.gov/protein/NP_001326775.1?report=genbank&log$=prottop&blast_rank=56&RID=JT4HC9K3014"",""NP_001326775.1"")"
Integral membrane HRF1 family protein [Arabidopsis thaliana],Arabidopsis thaliana,94.0,94.0,10%,4e-19,28.88,269,"=HYPERLINK(""https://www.ncbi.nlm.nih.gov/protein/NP_001077633.1?report=genbank&log$=prottop&blast_rank=57&RID=JT4HC9K3014"",""NP_001077633.1"")"
MULTISPECIES: signal recognition particle-docking protein FtsY [Bacillus],Bacillus,94.7,94.7,10%,6e-19,32.61,329,"=HYPERLINK(""https://www.ncbi.nlm.nih.gov/protein/WP_003232026.1?report=genbank&log$=prottop&blast_rank=58&RID=JT4HC9K3014"",""WP_003232026.1"")"
signal recognition particle-docking protein FtsY [Shewanella oneidensis],Shewanella oneidensis,96.7,96.7,10%,9e-19,32.17,510,"=HYPERLINK(""https://www.ncbi.nlm.nih.gov/protein/WP_011074184.1?report=genbank&log$=prottop&blast_rank=59&RID=JT4HC9K3014"",""WP_011074184.1"")"
MULTISPECIES: signal recognition particle protein [Bacillus],Bacillus,94.7,94.7,8%,3e-18,33.50,446,"=HYPERLINK(""https://www.ncbi.nlm.nih.gov/protein/WP_003232020.1?report=genbank&log$=prottop&blast_rank=60&RID=JT4HC9K3014"",""WP_003232020.1"")"
signal recognition particle subunit Srp54 [Schizosaccharomyces pombe],Schizosaccharomyces pombe,95.1,95.1,8%,3e-18,31.19,522,"=HYPERLINK(""https://www.ncbi.nlm.nih.gov/protein/NP_588209.1?report=genbank&log$=prottop&blast_rank=61&RID=JT4HC9K3014"",""NP_588209.1"")"
protein YIF1B-A-like [Glycine max],Glycine max,89.7,89.7,10%,1e-17,30.30,269,"=HYPERLINK(""https://www.ncbi.nlm.nih.gov/protein/NP_001242205.2?report=genbank&log$=prottop&blast_rank=62&RID=JT4HC9K3014"",""NP_001242205.2"")"
signal recognition particle 54 kDa subunit [Dictyostelium discoideum AX4],Dictyostelium discoideum AX4,93.6,93.6,9%,1e-17,28.64,542,"=HYPERLINK(""https://www.ncbi.nlm.nih.gov/protein/XP_643640.1?report=genbank&log$=prottop&blast_rank=63&RID=JT4HC9K3014"",""XP_643640.1"")"
protein YIF1B [Glycine max],Glycine max,89.4,89.4,10%,1e-17,28.02,273,"=HYPERLINK(""https://www.ncbi.nlm.nih.gov/protein/XP_003531903.1?report=genbank&log$=prottop&blast_rank=64&RID=JT4HC9K3014"",""XP_003531903.1"")"
signal recognition particle-docking protein FtsY [Neisseria meningitidis],Neisseria meningitidis,92.0,92.0,10%,2e-17,28.00,421,"=HYPERLINK(""https://www.ncbi.nlm.nih.gov/protein/WP_002228837.1?report=genbank&log$=prottop&blast_rank=65&RID=JT4HC9K3014"",""WP_002228837.1"")"
RNA-binding signal recognition particle subunit SRP54 [Saccharomyces cerevisiae S288C],Saccharomyces cerevisiae S288C,92.8,92.8,9%,2e-17,27.15,541,"=HYPERLINK(""https://www.ncbi.nlm.nih.gov/protein/NP_015413.1?report=genbank&log$=prottop&blast_rank=66&RID=JT4HC9K3014"",""NP_015413.1"")"
"Signal recognition particle, SRP54 subunit protein [Arabidopsis thaliana]",Arabidopsis thaliana,90.9,90.9,9%,4e-17,28.50,431,"=HYPERLINK(""https://www.ncbi.nlm.nih.gov/protein/NP_001077690.1?report=genbank&log$=prottop&blast_rank=67&RID=JT4HC9K3014"",""NP_001077690.1"")"
protein YIF1B-like [Glycine max],Glycine max,87.8,87.8,10%,5e-17,27.59,273,"=HYPERLINK(""https://www.ncbi.nlm.nih.gov/protein/NP_001364262.1?report=genbank&log$=prottop&blast_rank=68&RID=JT4HC9K3014"",""NP_001364262.1"")"
signal recognition particle 54 kDa protein 2 [Glycine max],Glycine max,91.3,91.3,10%,5e-17,27.73,495,"=HYPERLINK(""https://www.ncbi.nlm.nih.gov/protein/XP_003531722.1?report=genbank&log$=prottop&blast_rank=69&RID=JT4HC9K3014"",""XP_003531722.1"")"
"signal recognition particle, putative [Leishmania donovani]",Leishmania donovani,91.3,91.3,8%,5e-17,29.56,519,"=HYPERLINK(""https://www.ncbi.nlm.nih.gov/protein/XP_003861164.1?report=genbank&log$=prottop&blast_rank=70&RID=JT4HC9K3014"",""XP_003861164.1"")"
signal recognition particle 54 kDa subunit [Arabidopsis thaliana],Arabidopsis thaliana,90.9,90.9,9%,6e-17,28.04,479,"=HYPERLINK(""https://www.ncbi.nlm.nih.gov/protein/NP_563970.1?report=genbank&log$=prottop&blast_rank=71&RID=JT4HC9K3014"",""NP_563970.1"")"
"Signal recognition particle, SRP54 subunit protein [Arabidopsis thaliana]",Arabidopsis thaliana,90.5,90.5,9%,9e-17,28.50,495,"=HYPERLINK(""https://www.ncbi.nlm.nih.gov/protein/NP_564535.1?report=genbank&log$=prottop&blast_rank=72&RID=JT4HC9K3014"",""NP_564535.1"")"
"cell division protein FtsY homolog, chloroplastic isoform X1 [Glycine max]",Glycine max,88.6,88.6,9%,2e-16,28.87,401,"=HYPERLINK(""https://www.ncbi.nlm.nih.gov/protein/XP_040870258.1?report=genbank&log$=prottop&blast_rank=73&RID=JT4HC9K3014"",""XP_040870258.1"")"
protein YIF1B-A [Glycine max],Glycine max,85.9,85.9,10%,2e-16,29.87,269,"=HYPERLINK(""https://www.ncbi.nlm.nih.gov/protein/XP_003555074.1?report=genbank&log$=prottop&blast_rank=74&RID=JT4HC9K3014"",""XP_003555074.1"")"
signal recognition particle subunit SRP54 isoform X1 [Rattus norvegicus],Rattus norvegicus,88.6,88.6,10%,2e-16,26.67,447,"=HYPERLINK(""https://www.ncbi.nlm.nih.gov/protein/XP_006240159.1?report=genbank&log$=prottop&blast_rank=75&RID=JT4HC9K3014"",""XP_006240159.1"")"
signal recognition particle subunit SRP54 isoform 2 [Homo sapiens],Homo sapiens,88.2,88.2,10%,3e-16,26.25,455,"=HYPERLINK(""https://www.ncbi.nlm.nih.gov/protein/NP_001139754.1?report=genbank&log$=prottop&blast_rank=76&RID=JT4HC9K3014"",""NP_001139754.1"")"
signal recognition particle subunit SRP54 [Rattus norvegicus],Rattus norvegicus,88.6,88.6,10%,4e-16,26.67,504,"=HYPERLINK(""https://www.ncbi.nlm.nih.gov/protein/NP_446323.1?report=genbank&log$=prottop&blast_rank=77&RID=JT4HC9K3014"",""NP_446323.1"")"
signal recognition particle subunit SRP54 isoform 3 [Homo sapiens],Homo sapiens,87.8,87.8,10%,4e-16,26.25,447,"=HYPERLINK(""https://www.ncbi.nlm.nih.gov/protein/NP_001397946.1?report=genbank&log$=prottop&blast_rank=78&RID=JT4HC9K3014"",""NP_001397946.1"")"
signal recognition particle 54C isoform X2 [Mus musculus],Mus musculus,87.8,87.8,10%,6e-16,26.25,500,"=HYPERLINK(""https://www.ncbi.nlm.nih.gov/protein/XP_036013029.1?report=genbank&log$=prottop&blast_rank=79&RID=JT4HC9K3014"",""XP_036013029.1"")"
signal recognition particle 54 kDa protein isoform 4 [Mus musculus],Mus musculus,87.8,87.8,10%,6e-16,26.25,472,"=HYPERLINK(""https://www.ncbi.nlm.nih.gov/protein/NP_001400561.1?report=genbank&log$=prottop&blast_rank=80&RID=JT4HC9K3014"",""NP_001400561.1"")"
signal recognition particle 54C isoform 2 [Mus musculus],Mus musculus,87.4,87.4,10%,7e-16,26.25,482,"=HYPERLINK(""https://www.ncbi.nlm.nih.gov/protein/NP_001363967.1?report=genbank&log$=prottop&blast_rank=81&RID=JT4HC9K3014"",""NP_001363967.1"")"
signal recognition particle subunit SRP54 isoform 1 [Homo sapiens],Homo sapiens,87.8,87.8,10%,7e-16,26.25,504,"=HYPERLINK(""https://www.ncbi.nlm.nih.gov/protein/NP_003127.1?report=genbank&log$=prottop&blast_rank=82&RID=JT4HC9K3014"",""NP_003127.1"")"
signal recognition particle 54C isoform 1 [Mus musculus],Mus musculus,87.8,87.8,10%,7e-16,26.25,504,"=HYPERLINK(""https://www.ncbi.nlm.nih.gov/protein/NP_001093580.1?report=genbank&log$=prottop&blast_rank=83&RID=JT4HC9K3014"",""NP_001093580.1"")"
signal recognition particle subunit SRP54 [Danio rerio],Danio rerio,87.8,87.8,10%,7e-16,26.25,504,"=HYPERLINK(""https://www.ncbi.nlm.nih.gov/protein/NP_957282.1?report=genbank&log$=prottop&blast_rank=84&RID=JT4HC9K3014"",""NP_957282.1"")"
signal recognition particle subunit SRP54 [Mus musculus],Mus musculus,87.4,87.4,10%,8e-16,26.25,504,"=HYPERLINK(""https://www.ncbi.nlm.nih.gov/protein/NP_001093579.1?report=genbank&log$=prottop&blast_rank=85&RID=JT4HC9K3014"",""NP_001093579.1"")"
Signal recognition particle 54 kDa protein [Caenorhabditis elegans],Caenorhabditis elegans,87.0,87.0,9%,1e-15,26.85,496,"=HYPERLINK(""https://www.ncbi.nlm.nih.gov/protein/NP_501507.1?report=genbank&log$=prottop&blast_rank=86&RID=JT4HC9K3014"",""NP_501507.1"")"
signal recognition particle 54 kDa protein 2 [Glycine max],Glycine max,87.0,87.0,9%,1e-15,28.10,500,"=HYPERLINK(""https://www.ncbi.nlm.nih.gov/protein/XP_003543686.1?report=genbank&log$=prottop&blast_rank=87&RID=JT4HC9K3014"",""XP_003543686.1"")"
signal recognition particle 54 kDa protein isoform 3 [Mus musculus],Mus musculus,87.0,87.0,9%,1e-15,26.58,506,"=HYPERLINK(""https://www.ncbi.nlm.nih.gov/protein/NP_001400560.1?report=genbank&log$=prottop&blast_rank=88&RID=JT4HC9K3014"",""NP_001400560.1"")"
signal recognition particle 54 kDa protein 2 [Glycine max],Glycine max,86.7,86.7,9%,2e-15,28.10,499,"=HYPERLINK(""https://www.ncbi.nlm.nih.gov/protein/XP_003545781.1?report=genbank&log$=prottop&blast_rank=89&RID=JT4HC9K3014"",""XP_003545781.1"")"
signal recognition particle 54 kDa protein 2 [Glycine max],Glycine max,86.7,86.7,9%,2e-15,28.10,495,"=HYPERLINK(""https://www.ncbi.nlm.nih.gov/protein/XP_003528309.1?report=genbank&log$=prottop&blast_rank=90&RID=JT4HC9K3014"",""XP_003528309.1"")"
MULTISPECIES: signal recognition particle-docking protein FtsY [Thermotoga],Thermotoga,83.2,83.2,10%,2e-15,32.23,294,"=HYPERLINK(""https://www.ncbi.nlm.nih.gov/protein/WP_004081293.1?report=genbank&log$=prottop&blast_rank=91&RID=JT4HC9K3014"",""WP_004081293.1"")"
signal recognition particle protein [Synechocystis salina],Synechocystis salina,85.9,85.9,9%,2e-15,29.41,482,"=HYPERLINK(""https://www.ncbi.nlm.nih.gov/protein/WP_194018696.1?report=genbank&log$=prottop&blast_rank=92&RID=JT4HC9K3014"",""WP_194018696.1"")"
protein YIF1A isoform 2 [Homo sapiens],Homo sapiens,81.6,81.6,6%,3e-15,36.43,241,"=HYPERLINK(""https://www.ncbi.nlm.nih.gov/protein/NP_001287790.1?report=genbank&log$=prottop&blast_rank=93&RID=JT4HC9K3014"",""NP_001287790.1"")"
signal recognition particle subunit SRP54 isoform X2 [Homo sapiens],Homo sapiens,84.0,84.0,9%,5e-15,27.54,400,"=HYPERLINK(""https://www.ncbi.nlm.nih.gov/protein/XP_047287683.1?report=genbank&log$=prottop&blast_rank=94&RID=JT4HC9K3014"",""XP_047287683.1"")"
MULTISPECIES: signal recognition particle protein [Mycobacterium],Mycobacterium,85.1,85.1,8%,5e-15,34.17,525,"=HYPERLINK(""https://www.ncbi.nlm.nih.gov/protein/WP_003414748.1?report=genbank&log$=prottop&blast_rank=95&RID=JT4HC9K3014"",""WP_003414748.1"")"
signal recognition particle 54k [Drosophila melanogaster],Drosophila melanogaster,83.6,83.6,10%,2e-14,24.02,508,"=HYPERLINK(""https://www.ncbi.nlm.nih.gov/protein/NP_523931.1?report=genbank&log$=prottop&blast_rank=96&RID=JT4HC9K3014"",""NP_523931.1"")"
MULTISPECIES: signal recognition particle protein [Streptomyces],Streptomyces,83.2,83.2,8%,2e-14,32.83,516,"=HYPERLINK(""https://www.ncbi.nlm.nih.gov/protein/WP_016327355.1?report=genbank&log$=prottop&blast_rank=97&RID=JT4HC9K3014"",""WP_016327355.1"")"
signal recognition particle 54 kDa protein isoform 2 [Mus musculus],Mus musculus,82.8,82.8,10%,2e-14,26.14,505,"=HYPERLINK(""https://www.ncbi.nlm.nih.gov/protein/NP_001400559.1?report=genbank&log$=prottop&blast_rank=98&RID=JT4HC9K3014"",""NP_001400559.1"")"
signal recognition particle subunit SRP54 [Plasmodium falciparum 3D7],Plasmodium falciparum 3D7,80.9,80.9,9%,1e-13,28.37,500,"=HYPERLINK(""https://www.ncbi.nlm.nih.gov/protein/XP_001348651.1?report=genbank&log$=prottop&blast_rank=99&RID=JT4HC9K3014"",""XP_001348651.1"")"
signal recognition particle-docking protein FtsY [Streptococcus pneumoniae],Streptococcus pneumoniae,80.1,80.1,8%,1e-13,30.33,425,"=HYPERLINK(""https://www.ncbi.nlm.nih.gov/protein/WP_000522328.1?report=genbank&log$=prottop&blast_rank=100&RID=JT4HC9K3014"",""WP_000522328.1"")"



		


